ID, Name, PhotoUrl
382494722, Ted Alvarez, https://randomuser.me/api/portraits/men/58.jpg
830768427, Ivan Andrews, https://randomuser.me/api/portraits/men/33.jpg
760502392, Lucas Bishop, https://randomuser.me/api/portraits/men/49.jpg
316987169, Wallace Davis, https://randomuser.me/api/portraits/men/38.jpg
117538023, Joan Bennett, https://randomuser.me/api/portraits/women/85.jpg
60608752, Julio Stephens, https://randomuser.me/api/portraits/men/94.jpg
715052527, Pedro Sullivan, https://randomuser.me/api/portraits/men/52.jpg
394167665, Maureen Burton, https://randomuser.me/api/portraits/women/10.jpg
629059393, Lance Wood, https://randomuser.me/api/portraits/men/89.jpg
583569301, Brittany Boyd, https://randomuser.me/api/portraits/women/91.jpg
